{"stats":{"minecraft:custom":{"minecraft:time_since_rest":166063,"minecraft:sprint_one_cm":8369,"minecraft:damage_taken":50,"minecraft:walk_one_cm":88121,"minecraft:mob_kills":2,"minecraft:drop":1,"minecraft:damage_dealt":320,"minecraft:fly_one_cm":92640,"minecraft:open_barrel":6,"minecraft:crouch_one_cm":202,"minecraft:play_time":166063,"minecraft:sneak_time":528,"minecraft:walk_under_water_one_cm":5,"minecraft:jump":159,"minecraft:leave_game":6,"minecraft:time_since_death":166063,"minecraft:walk_on_water_one_cm":138,"minecraft:total_world_time":447599,"minecraft:fall_one_cm":707},"minecraft:killed":{"minecraft:horse":1,"minecraft:bat":1},"minecraft:picked_up":{"minecraft:glow_lichen":8,"minecraft:stone":1,"minecraft:torch":3,"minecraft:sand":7,"minecraft:cobblestone_stairs":1,"minecraft:netherite_sword":1},"minecraft:used":{"minecraft:redstone_torch":1,"minecraft:glass":38,"minecraft:water_bucket":1,"minecraft:activator_rail":23,"minecraft:black_concrete":26,"minecraft:light_weighted_pressure_plate":1,"minecraft:grass_block":4,"minecraft:barrier":5,"minecraft:string":2,"minecraft:oak_button":14,"minecraft:oak_sign":8,"minecraft:redstone_block":6,"minecraft:spruce_trapdoor":4,"minecraft:barrel":5,"minecraft:horse_spawn_egg":4,"minecraft:torch":8,"minecraft:shulker_box":1,"minecraft:bee_nest":112,"minecraft:skeleton_horse_spawn_egg":2,"minecraft:glow_lichen":58},"minecraft:mined":{"minecraft:glass":2},"minecraft:dropped":{"minecraft:netherite_sword":1}},"DataVersion":3465}