{"stats":{"minecraft:custom":{"minecraft:jump":7,"minecraft:time_since_rest":2513,"minecraft:leave_game":1,"minecraft:walk_on_water_one_cm":138,"minecraft:sprint_one_cm":316,"minecraft:play_time":2513,"minecraft:time_since_death":2513,"minecraft:walk_one_cm":717,"minecraft:sneak_time":37,"minecraft:total_world_time":2570,"minecraft:walk_under_water_one_cm":5,"minecraft:fly_one_cm":5304},"minecraft:used":{"minecraft:oak_sign":2,"minecraft:water_bucket":1,"minecraft:light_weighted_pressure_plate":1,"minecraft:grass_block":4}},"DataVersion":3465}